{
    "10+": {
        "TP": 18,
        "FP": 4,
        "FN": 10,
        "precision": 0.81818181818,
        "recall": 0.6428571428571429,
        "f1score": 0.7173
    },
    "2": {
        "TP": 134,
        "FP": 15,
        "FN": 18,
        "precision": 0.89932885906040268456375838926174,
        "recall": 0.88157894736842105263157894736842,
        "f1score": 0.89036204166432702566118254814981
    },
    "5": {
        "TP": 19,
        "FP": 4,
        "FN": 3,
        "precision": 0.8260869565217391,
        "recall": 0.8636363636363636,
        "f1score": 0.8444444444444444
    },
    "4": {
        "TP": 35,
        "FP": 8,
        "FN": 10,
        "precision": 0.813953488372093,
        "recall": 0.7777777777777778,
        "f1score": 0.7954545454545455
    },
    "7": {
        "TP": 18,
        "FP": 4,
        "FN": 1,
        "precision": 0.8181818181818182,
        "recall": 0.9473684210526315,
        "f1score": 0.8780487804878049
    },
    "6": {
        "TP": 9,
        "FP": 0,
        "FN": 3,
        "precision": 1.0,
        "recall": 0.75,
        "f1score": 0.8571428571428571
    },
    "3": {
        "TP": 33,
        "FP": 11,
        "FN": 5,
        "precision": 0.75,
        "recall": 0.868421052631579,
        "f1score": 0.8048780487804879
    },
    "8": {
        "TP": 5,
        "FP": 3,
        "FN": 0,
        "precision": 0.625,
        "recall": 1.0,
        "f1score": 0.7692307692307693
    },
    "10": {
        "TP": 3,
        "FP": 1,
        "FN": 1,
        "precision": 0.75,
        "recall": 0.75,
        "f1score": 0.75
    },
    "9": {
        "TP": 1,
        "FP": 0,
        "FN": 3,
        "precision": 1.0,
        "recall": 0.25,
        "f1score": 0.4
    }
}